<Galicia_Document>
<BinaryContext numberObj="10" numberAtt="10">
<Name> Ctx_1 </Name>
<Object>Form. Obj. 0</Object>
<Object>Form. Obj. 1</Object>
<Object>Form. Obj. 2</Object>
<Object>Form. Obj. 3</Object>
<Object>Form. Obj. 4</Object>
<Object>Form. Obj. 5</Object>
<Object>Form. Obj. 6</Object>
<Object>Form. Obj. 7</Object>
<Object>Form. Obj. 8</Object>
<Object>Form. Obj. 9</Object>
<Attribute>Attribute 0</Attribute>
<Attribute>Attribute 1</Attribute>
<Attribute>Attribute 2</Attribute>
<Attribute>Attribute 3</Attribute>
<Attribute>Attribute 4</Attribute>
<Attribute>Attribute 5</Attribute>
<Attribute>Attribute 6</Attribute>
<Attribute>Attribute 7</Attribute>
<Attribute>Attribute 8</Attribute>
<Attribute>Attribute 9</Attribute>
<BinRel idxO="0" idxA="4"></BinRel>
<BinRel idxO="0" idxA="5"></BinRel>
<BinRel idxO="1" idxA="5"></BinRel>
<BinRel idxO="1" idxA="7"></BinRel>
<BinRel idxO="2" idxA="0"></BinRel>
<BinRel idxO="2" idxA="1"></BinRel>
<BinRel idxO="3" idxA="1"></BinRel>
<BinRel idxO="3" idxA="2"></BinRel>
<BinRel idxO="3" idxA="3"></BinRel>
<BinRel idxO="4" idxA="2"></BinRel>
<BinRel idxO="4" idxA="6"></BinRel>
<BinRel idxO="4" idxA="8"></BinRel>
<BinRel idxO="5" idxA="0"></BinRel>
<BinRel idxO="5" idxA="8"></BinRel>
<BinRel idxO="6" idxA="0"></BinRel>
<BinRel idxO="6" idxA="3"></BinRel>
<BinRel idxO="7" idxA="0"></BinRel>
<BinRel idxO="7" idxA="2"></BinRel>
<BinRel idxO="7" idxA="4"></BinRel>
<BinRel idxO="7" idxA="5"></BinRel>
<BinRel idxO="8" idxA="3"></BinRel>
<BinRel idxO="8" idxA="5"></BinRel>
<BinRel idxO="8" idxA="6"></BinRel>
<BinRel idxO="8" idxA="7"></BinRel>
<BinRel idxO="9" idxA="3"></BinRel>
<BinRel idxO="9" idxA="5"></BinRel>
<BinRel idxO="9" idxA="9"></BinRel>
</BinaryContext>
</Galicia_Document>
